﻿--
-- Script was generated by Devart dbForge Studio for MySQL, Version 8.0.40.0
-- Product home page: http://www.devart.com/dbforge/mysql/studio
-- Script date 23/05/2020 17:08:14
-- Server version: 5.5.5-10.1.40-MariaDB
-- Client version: 4.1
--

-- 
-- Disable foreign keys
-- 
/*!40014 SET @OLD_FOREIGN_KEY_CHECKS=@@FOREIGN_KEY_CHECKS, FOREIGN_KEY_CHECKS=0 */;

-- 
-- Set SQL mode
-- 
/*!40101 SET @OLD_SQL_MODE=@@SQL_MODE, SQL_MODE='NO_AUTO_VALUE_ON_ZERO' */;

-- 
-- Set character set the client will use to send SQL statements to the server
--
SET NAMES 'utf8';

DROP DATABASE IF EXISTS tienda;

CREATE DATABASE tienda
CHARACTER SET latin1
COLLATE latin1_swedish_ci;

--
-- Set default database
--
USE tienda;

--
-- Create table `proveedores`
--
CREATE TABLE proveedores (
  id int(9) NOT NULL,
  nombre varchar(20) DEFAULT NULL,
  telefono varchar(10) DEFAULT NULL,
  correo_electronico varchar(20) DEFAULT NULL,
  direccion varchar(50) DEFAULT NULL,
  forma_pago varchar(20) DEFAULT NULL,
  web varchar(20) DEFAULT NULL,
  PRIMARY KEY (id)
)
ENGINE = INNODB,
AVG_ROW_LENGTH = 819,
CHARACTER SET latin1,
COLLATE latin1_swedish_ci;

--
-- Create table `empleados`
--
CREATE TABLE empleados (
  id int(9) NOT NULL,
  nombre varchar(20) DEFAULT NULL,
  apellidos varchar(30) DEFAULT NULL,
  edad varchar(5) DEFAULT NULL,
  direccion varchar(50) DEFAULT NULL,
  num_ventas int(5) DEFAULT NULL,
  horas_trabajadas int(5) DEFAULT NULL,
  salario int(10) DEFAULT NULL,
  PRIMARY KEY (id)
)
ENGINE = INNODB,
AVG_ROW_LENGTH = 819,
CHARACTER SET latin1,
COLLATE latin1_swedish_ci;

--
-- Create table `categorias`
--
CREATE TABLE categorias (
  id int(9) NOT NULL,
  nombre varchar(20) DEFAULT NULL,
  descripcion varchar(50) DEFAULT NULL,
  PRIMARY KEY (id)
)
ENGINE = INNODB,
AVG_ROW_LENGTH = 819,
CHARACTER SET latin1,
COLLATE latin1_swedish_ci;

--
-- Create table `productos`
--
CREATE TABLE productos (
  id int(9) NOT NULL,
  nombre varchar(20) DEFAULT NULL,
  descripcion varchar(50) DEFAULT NULL,
  precio int(5) DEFAULT NULL,
  stock varchar(10) DEFAULT NULL,
  id_proveedor int(9) DEFAULT NULL,
  id_categoria int(9) DEFAULT NULL,
  id_empleado int(9) DEFAULT NULL,
  PRIMARY KEY (id)
)
ENGINE = INNODB,
AVG_ROW_LENGTH = 819,
CHARACTER SET latin1,
COLLATE latin1_swedish_ci;

--
-- Create index `uk_proveedor_categoria_empleado` on table `productos`
--
ALTER TABLE productos
ADD UNIQUE INDEX uk_proveedor_categoria_empleado (id_proveedor, id_categoria, id_empleado);

--
-- Create foreign key
--
ALTER TABLE productos
ADD CONSTRAINT fk_productos_categorias FOREIGN KEY (id_categoria)
REFERENCES categorias (id);

--
-- Create foreign key
--
ALTER TABLE productos
ADD CONSTRAINT fk_productos_empleados FOREIGN KEY (id_empleado)
REFERENCES empleados (id);

--
-- Create foreign key
--
ALTER TABLE productos
ADD CONSTRAINT fk_productos_proveedores FOREIGN KEY (id_proveedor)
REFERENCES proveedores (id);

--
-- Create table `clientes`
--
CREATE TABLE clientes (
  id int(9) NOT NULL,
  nombre varchar(20) DEFAULT NULL,
  direccion varchar(50) DEFAULT NULL,
  PRIMARY KEY (id)
)
ENGINE = INNODB,
AVG_ROW_LENGTH = 819,
CHARACTER SET latin1,
COLLATE latin1_swedish_ci;

--
-- Create table `ventas`
--
CREATE TABLE ventas (
  id int(11) NOT NULL AUTO_INCREMENT,
  fecha_venta date DEFAULT NULL,
  descuento int(5) DEFAULT NULL,
  recaudacion_final int(5) DEFAULT NULL,
  id_empleado int(9) DEFAULT NULL,
  id_cliente int(9) DEFAULT NULL,
  PRIMARY KEY (id)
)
ENGINE = INNODB,
AUTO_INCREMENT = 21,
AVG_ROW_LENGTH = 819,
CHARACTER SET latin1,
COLLATE latin1_swedish_ci;

--
-- Create index `uk_empleado_cliente` on table `ventas`
--
ALTER TABLE ventas
ADD UNIQUE INDEX uk_empleado_cliente (id_empleado, id_cliente);

--
-- Create foreign key
--
ALTER TABLE ventas
ADD CONSTRAINT fk_ventas_clientes FOREIGN KEY (id_cliente)
REFERENCES clientes (id);

--
-- Create foreign key
--
ALTER TABLE ventas
ADD CONSTRAINT fk_ventas_empleados FOREIGN KEY (id_empleado)
REFERENCES empleados (id);

--
-- Create table `detalles`
--
CREATE TABLE detalles (
  id int(11) NOT NULL AUTO_INCREMENT,
  id_producto int(9) DEFAULT NULL,
  id_venta int(9) DEFAULT NULL,
  cantidad int(5) DEFAULT NULL,
  PRIMARY KEY (id)
)
ENGINE = INNODB,
AUTO_INCREMENT = 22,
AVG_ROW_LENGTH = 819,
CHARACTER SET latin1,
COLLATE latin1_swedish_ci;

--
-- Create index `uk_producto_venta` on table `detalles`
--
ALTER TABLE detalles
ADD UNIQUE INDEX uk_producto_venta (id_producto, id_venta);

--
-- Create foreign key
--
ALTER TABLE detalles
ADD CONSTRAINT fk_detalles_productos FOREIGN KEY (id_producto)
REFERENCES productos (id);

--
-- Create foreign key
--
ALTER TABLE detalles
ADD CONSTRAINT fk_detalles_ventas FOREIGN KEY (id_venta)
REFERENCES ventas (id);

--
-- Create table `telefonos`
--
CREATE TABLE telefonos (
  id int(11) NOT NULL AUTO_INCREMENT,
  id_cliente int(9) DEFAULT NULL,
  telefonos varchar(10) DEFAULT NULL,
  PRIMARY KEY (id)
)
ENGINE = INNODB,
AUTO_INCREMENT = 21,
AVG_ROW_LENGTH = 819,
CHARACTER SET latin1,
COLLATE latin1_swedish_ci;

--
-- Create index `uk_telefonos_clientes` on table `telefonos`
--
ALTER TABLE telefonos
ADD UNIQUE INDEX uk_telefonos_clientes (telefonos, id_cliente);

--
-- Create foreign key
--
ALTER TABLE telefonos
ADD CONSTRAINT fk_telefonos_clientes FOREIGN KEY (id_cliente)
REFERENCES clientes (id);

-- 
-- Dumping data for table proveedores
--
INSERT INTO proveedores VALUES
(1, 'WorldWide High-Techn', '161-4624', 'Willett6@nowhere.com', '99 NE Sharp Hill Parkway', 'Check', 'restneis.au'),
(2, 'First Media Group', '545-8629', 'Tempie_Means@nowhere', '2470 N Lake Dr', 'Direct Debit', 'nteraleer.be'),
(3, 'International Cars G', '468-6026', 'Drew@example.com', '85 NW Buttonwood Street', 'Check', 'ouvehis.fr'),
(4, 'WorldWide Software I', '028-0236', 'Adalberto.Lambert4@e', '59 W Stonewood Ln', 'Direct Debit', 'allshohast.za'),
(5, 'Advanced Business Co', '466-4383', 'RayNevarez55@example', '82 Ironwood Street', 'Check', 'edeaterent.be'),
(6, 'First Media Inc.', '506-6870', 'AngeliaAkers4@exampl', '473 Parkwood Lane', 'Bank Transfer', 'ithingatse.at'),
(7, 'Domestic High-Techno', '132-7189', 'LydaBarth6@example.c', '384 Glenwood Hwy', 'Check', 'esterstas.fi'),
(8, 'Future R-Mobile Corp', '731-7756', 'DewittHamer547@examp', '668 2nd Lane', 'PayPal', 'enhisnotnd.nl'),
(9, 'North K-Mobile Inc.', '532-9336', 'ctanhuwu.rjlml@examp', '2165 White Stonewood Loop', 'WebMoney', 'hishadeaou.ua'),
(10, 'North L-Mobile Co.', '507-7221', 'RobtShuler924@nowher', '856 Market Blvd', 'Bank Transfer', 'heallwashat.org'),
(11, 'Creative Space Explo', '927-6037', 'yhbbvkkz.xbzn@exampl', '2691 Oak Ct', 'Credit Card', 'erewas.lu'),
(12, 'Smart Travel Corpora', '323-0402', 'Adalberto.Fox41@exam', '505 Chapel Hill Ave', 'Bank Transfer', 'ndereereome.ch'),
(13, 'Special Space Explor', '672-7396', 'AntoniaM.Isom@exampl', '92 Old Brentwood Ct', 'WebMoney', 'meenteshen.ar'),
(14, 'Smart Systems Co.', '077-8731', 'Hamby@example.com', '3246 N Rockwood Blvd', 'Check', 'ithnghen.au'),
(15, 'Future High-Technolo', '118-6813', 'Beckwith@nowhere.com', '725 Waterview Highway', 'Credit Card', 'eratoseand.be'),
(16, 'Special Computers Co', '584-9451', 'Manzo@example.com', '3886 NW Oak Ln', 'Bank Transfer', 'onereseand.fi'),
(17, 'American Products Co', '562-5979', 'xmnlv685@example.com', '497 Lake Way', 'Credit Card', 'ereent.at'),
(18, 'South High-Technolog', '908-5539', 'Renaldo_Y_Barth423@n', '2363 Buttonwood Court', 'Direct Debit', 'meitouloul.hk'),
(19, 'West Coast 3D Electr', '885-9829', 'Derr@example.com', '830 S Prospect Hill Parkway', 'WebMoney', 'waou.es'),
(20, 'Flexible 2G Wireless', '191-4135', 'Earlene.HTemple@nowh', '1562 2nd Lane', 'PayPal', 'uldnt.cy');

-- 
-- Dumping data for table empleados
--
INSERT INTO empleados VALUES
(1, 'Elwood', 'Coleman', '27', '5B Beachborough Road', 38, 7, 113472),
(2, 'Lindsey', 'Fife', '39', '1-7 Haig Road', 73, 2, 98928),
(3, 'Deedra', 'Severson', '23', '78C Streathbourne Road', 47, 7, 102416),
(4, 'Rayford', 'Turney', '53', '5 Trowlock Way', 48, 2, 41679),
(5, 'Sonny', 'Mattox', '39', '4-6 Read Court', 14, 4, 75626),
(6, 'Hope', 'Seward', '35', '3-7 St George''s Walk', 12, 7, 76180),
(7, 'Chandra', 'Turpin', '29', '84 Lucerne Road', 42, 7, 102916),
(8, 'Charolette', 'Kelsey', '36', '58 Back Lane', 6, 8, 51618),
(9, 'Kim', 'Mattson', '34', '7A Archway Road', 62, 4, 46518),
(10, 'Randolph', 'Overby', '31', '24-39 Chadwick Road', 49, 2, 79639),
(11, 'Jonah', 'Rushing', '52', '7 Aubrey Road', 6, 2, 111072),
(12, 'Adah', 'Cosgrove', '33', '4 Lock Court', 76, 2, 55299),
(13, 'Bernard', 'Bohn', '43', '80 Clifford Road', 78, 5, 26678),
(14, 'Antonia', 'Kelso', '23', '53-47 Abbey Road', 99, 8, 111308),
(15, 'Jean', 'Mauldin', '55', '1-8 Honour Lea Avenue', 85, 3, 83023),
(16, 'Vincenzo', 'Overstreet', '50', '2 Norman Road', 67, 6, 93861),
(17, 'Isaac', 'Russ', '38', '21-49 Princess Road', 70, 4, 43405),
(18, 'Terry', 'Coles', '38', '6 Mulgrave Road', 60, 3, 35998),
(19, 'Gerry', 'Sewell', '29', '1 Romford Road', 77, 8, 106114),
(20, 'Bernardina', 'Tuttle', '27', '6 Paradise Row', 79, 8, 40785);

-- 
-- Dumping data for table categorias
--
INSERT INTO categorias VALUES
(1, 'Books', 'Laboriosam dolorum eos quis.'),
(2, 'Health', 'Sit possimus omnis.'),
(3, 'Health', 'Et natus; et voluptatem;'),
(4, 'Pharmacy', 'Ut quia. Dolorum quidem!'),
(5, 'Audible', 'Sed alias.'),
(6, 'Outdoors', 'Asperiores illum itaque culpa.'),
(7, 'Clothing', 'Voluptate dolore repellendus.'),
(8, 'Pets', 'Sed porro; dolore ut.'),
(9, 'Electronics', 'Blanditiis necessitatibus.'),
(10, 'Gifts', 'Iste atque unde corrupti.'),
(11, 'Health', 'Voluptatum iusto et.'),
(12, 'Garden', 'Culpa veritatis...'),
(13, 'Garden', 'Nobis porro velit.'),
(14, 'Office', 'Suscipit autem velit.'),
(15, 'Jewelry', 'Recusandae suscipit. Animi.'),
(16, 'Crafts', 'Nihil aut similique...'),
(17, 'Toys', 'Porro iste.'),
(18, 'Toys', 'Exercitationem ex. Iste.'),
(19, 'Games', 'Beatae facilis aut. Aut.'),
(20, 'Crafts', 'Omnis unde. Et est?');

-- 
-- Dumping data for table clientes
--
INSERT INTO clientes VALUES
(1, 'Conrad', '7 Bridgeman Street'),
(2, 'Morgan', '9 Fortis Green Road'),
(3, 'Micheal', '44B Acre Lane'),
(4, 'Adam', '66 A-D Claylands Road'),
(5, 'Kittie', '33-27 Philpot Street'),
(6, 'Stefani', '7 Cale Street'),
(7, 'Madelene', '7 Upper Brook Street'),
(8, 'Ramiro', '41-46 Ada Street'),
(9, 'Abraham', '14 New Quebec Street'),
(10, 'Amos', '4-9 Vale Lane'),
(11, 'Josef', '8 Bernard Street'),
(12, 'Keira', '1 West Ham Lane'),
(13, 'Abby', '7 Brookdale Road'),
(14, 'Cathryn', '31-17 Wansey Street'),
(15, 'Gail', '6 Belmont Hill'),
(16, 'Danilo', '12-49 Brunswick Street'),
(17, 'Alaina', '5-6 Abbotsbury Road'),
(18, 'Gaylord', '41-36 Beulah Road'),
(19, 'Scotty', '25-29 Edinburgh Road'),
(20, 'Efrain', '4E Henderson Road');

-- 
-- Dumping data for table ventas
--
INSERT INTO ventas VALUES
(1, '2010-01-01', 5, 93501, 19, 19),
(2, '2014-09-01', 25, 75149, 12, 12),
(3, '2017-06-06', 25, 81641, 7, 7),
(4, '2013-04-09', 75, 32630, 15, 15),
(5, '2018-05-29', 5, 40846, 10, 10),
(6, '2019-02-18', 5, 25587, 8, 8),
(7, '2019-09-21', 75, 52882, 3, 3),
(8, '2010-01-06', 5, 25739, 1, 1),
(9, '2010-01-09', 5, 64966, 4, 4),
(10, '2015-09-20', 25, 114143, 6, 6),
(11, '2010-03-04', 5, 57584, 2, 2),
(12, '2014-08-29', 5, 24110, 9, 9),
(13, '2011-10-09', 5, 102559, 20, 20),
(14, '2018-08-24', 75, 113157, 16, 16),
(15, '2010-01-28', 75, 34938, 18, 18),
(16, '2010-01-11', 25, 117963, 17, 17),
(17, '2014-01-11', 5, 60087, 13, 13),
(18, '2010-07-02', 5, 91033, 5, 5),
(19, '2015-01-10', 5, 47865, 11, 11),
(20, '2010-02-12', 5, 75999, 14, 14);

-- 
-- Dumping data for table productos
--
INSERT INTO productos VALUES
(1, 'Retinader', 'Quibusdam eos reprehenderit.', 1834, 'Sin Stock', 19, 19, 19),
(2, 'Protelleron', 'Cumque et iusto fuga aut.', 309, 'Stock', 12, 12, 12),
(3, 'Monocessexer', 'Ut molestiae.', 1169, 'Stock', 7, 7, 7),
(4, 'Printculry', 'Et aperiam.', 1818, 'Stock', 15, 15, 15),
(5, 'Comtinar', 'Ipsa repellendus quas tempora.', 354, 'Sin Stock', 10, 10, 10),
(6, 'Comholdimator', 'Qui quis voluptate tempore ut.', 233, 'Stock', 8, 8, 8),
(7, 'Armpickader', 'Consectetur molestiae ut.', 1934, 'Stock', 3, 3, 3),
(8, 'Procordator', 'Earum dolore ipsam maiores.', 197, 'Stock', 1, 1, 1),
(9, 'Cabcessefar', 'Sunt sed. Nulla alias quidem...', 530, 'Stock', 4, 4, 4),
(10, 'Subcordaqura', 'Dolor ea aut perspiciatis;', 1942, 'Sin Stock', 6, 6, 6),
(11, 'Conjectexer', 'Voluptas perspiciatis.', 1151, 'Stock', 2, 2, 2),
(12, 'Contellor', 'Sed eaque sed sapiente alias.', 295, 'Sin Stock', 9, 9, 9),
(13, 'Micwoofphone', 'Quidem illo sunt magni.', 1035, 'Sin Stock', 20, 20, 20),
(14, 'Charceivscope', 'Consequatur illum. Ut.', 933, 'Sin Stock', 16, 16, 16),
(15, 'Moncyclentor', 'Ut vel. Sit dolorum!', 804, 'Stock', 18, 18, 18),
(16, 'Cleanputscope', 'Non nemo illo dolor...', 867, 'Sin Stock', 17, 17, 17),
(17, 'Mictinor', 'Explicabo repudiandae ab.', 1749, 'Sin Stock', 13, 13, 13),
(18, 'Cleanbandator', 'Quo exercitationem. Molestias?', 1998, 'Stock', 5, 5, 5),
(19, 'Speakjecton', 'Et quod; accusantium.', 674, 'Stock', 11, 11, 11),
(20, 'Suplifier', 'Repudiandae laboriosam.', 1658, 'Sin Stock', 14, 14, 14);

-- 
-- Dumping data for table telefonos
--
INSERT INTO telefonos VALUES
(17, 13, '072-1576'),
(13, 20, '099-3859'),
(19, 11, '115-0071'),
(14, 16, '117-0463'),
(11, 2, '126-2653'),
(7, 3, '171-4493'),
(20, 14, '228-2262'),
(18, 5, '241-1969'),
(1, 19, '406-7223'),
(10, 6, '480-1469'),
(12, 9, '511-2464'),
(4, 15, '546-8436'),
(15, 18, '549-6191'),
(3, 7, '636-8895'),
(6, 8, '645-2382'),
(2, 12, '678-2803'),
(16, 17, '827-0635'),
(8, 1, '868-9304'),
(9, 4, '874-7011'),
(5, 10, '916-2883');

-- 
-- Dumping data for table detalles
--
INSERT INTO detalles VALUES
(1, 19, 19, 7),
(2, 12, 12, 48),
(3, 7, 7, 45),
(4, 15, 15, 18),
(5, 10, 10, 74),
(6, 8, 8, 24),
(7, 3, 3, 27),
(8, 1, 1, 17),
(9, 4, 4, 6),
(10, 6, 6, 78),
(11, 2, 2, 8),
(12, 9, 9, 9),
(13, 20, 20, 1),
(14, 16, 16, 63),
(15, 18, 18, 48),
(16, 17, 17, 40),
(17, 13, 13, 24),
(18, 5, 5, 2),
(19, 11, 11, 9),
(20, 14, 14, 48),
(21, NULL, NULL, NULL);

-- 
-- Restore previous SQL mode
-- 
/*!40101 SET SQL_MODE=@OLD_SQL_MODE */;

-- 
-- Enable foreign keys
-- 
/*!40014 SET FOREIGN_KEY_CHECKS = @OLD_FOREIGN_KEY_CHECKS */;